linea,simcard,contacto autorizado
88174957,NHY8887hYY65tt,prueba@prueba.com
88174958,NHY8887hYY65t8,prueba@prueba.com
88174959,NHY8887hYY65t3,prueba@prueba.com
88174957,NHY8887hYY65tt,prueba@prueba.com
88174958,NHY8887hYY65t8,prueba@prueba.com
88174959,NHY8887hYY65t3,prueba@prueba.com
88174957,NHY8887hYY65tt,prueba@prueba.com
88174958,NHY8887hYY65t8,prueba@prueba.com
88174959,NHY8887hYY65t3,prueba@prueba.com
88174957,NHY8887hYY65tt,prueba@prueba.com
88174958,NHY8887hYY65t8,prueba@prueba.com
88174959,NHY8887hYY65t3,prueba@prueba.com
88174957,NHY8887hYY65tt,prueba@prueba.com
88174958,NHY8887hYY65t8,prueba@prueba.com
88174959,NHY8887hYY65t3,prueba@prueba.com
88174957,NHY8887hYY65tt,prueba@prueba.com
88174958,NHY8887hYY65t8,prueba@prueba.com
88174959,NHY8887hYY65t3,prueba@prueba.com
88174957,NHY8887hYY65tt,prueba@prueba.com
88174958,NHY8887hYY65t8,prueba@prueba.com
88174959,NHY8887hYY65t3,prueba@prueba.com
88174957,NHY8887hYY65tt,prueba@prueba.com
88174958,NHY8887hYY65t8,prueba@prueba.com
88174959,NHY8887hYY65t3,prueba@prueba.com
88174957,NHY8887hYY65tt,prueba@prueba.com
88174958,NHY8887hYY65t8,prueba@prueba.com
88174959,NHY8887hYY65t3,prueba@prueba.com
88174957,NHY8887hYY65tt,prueba@prueba.com
88174958,NHY8887hYY65t8,prueba@prueba.com
88174959,NHY8887hYY65t3,prueba@prueba.com
88174957,NHY8887hYY65tt,prueba@prueba.com
88174958,NHY8887hYY65t8,prueba@prueba.com
88174959,NHY8887hYY65t3,prueba@prueba.com
88174957,NHY8887hYY65tt,prueba@prueba.com
88174958,NHY8887hYY65t8,prueba@prueba.com
88174959,NHY8887hYY65t3,prueba@prueba.com
88174957,NHY8887hYY65tt,prueba@prueba.com
88174958,NHY8887hYY65t8,prueba@prueba.com
88174959,NHY8887hYY65t3,prueba@prueba.com
88174957,NHY8887hYY65tt,prueba@prueba.com
88174958,NHY8887hYY65t8,prueba@prueba.com
88174959,NHY8887hYY65t3,prueba@prueba.com
88174957,NHY8887hYY65tt,prueba@prueba.com
88174958,NHY8887hYY65t8,prueba@prueba.com
88174959,NHY8887hYY65t3,prueba@prueba.com
88174957,NHY8887hYY65tt,prueba@prueba.com
88174958,NHY8887hYY65t8,prueba@prueba.com